<annotation>
	<folder>Arbeiterbiene</folder>
	<filename>1.Carnica_bee_on_solidago.jpg</filename>
	<path>C:\Users\andreas\google-images-download-master\google_images_download\downloads\Arbeiterbiene\1.Carnica_bee_on_solidago.jpg</path>
	<source>
		<database>Unknown</database>
	</source>
	<size>
		<width>1100</width>
		<height>952</height>
		<depth>3</depth>
	</size>
	<segmented>0</segmented>
	<object>
		<name>worker</name>
		<pose>Unspecified</pose>
		<truncated>0</truncated>
		<difficult>0</difficult>
		<bndbox>
			<xmin>37</xmin>
			<ymin>43</ymin>
			<xmax>1042</xmax>
			<ymax>853</ymax>
		</bndbox>
	</object>
</annotation>
