<annotation>
	<folder>Varroamilbe</folder>
	<filename>1.Varroamilbe.jpg</filename>
	<path>C:\Users\andreas\google-images-download-master\google_images_download\downloads\Varroamilbe\1.Varroamilbe.jpg</path>
	<source>
		<database>Unknown</database>
	</source>
	<size>
		<width>605</width>
		<height>380</height>
		<depth>3</depth>
	</size>
	<segmented>0</segmented>
	<object>
		<name>mite</name>
		<pose>Unspecified</pose>
		<truncated>0</truncated>
		<difficult>0</difficult>
		<bndbox>
			<xmin>311</xmin>
			<ymin>37</ymin>
			<xmax>573</xmax>
			<ymax>313</ymax>
		</bndbox>
	</object>
	<object>
		<name>mite</name>
		<pose>Unspecified</pose>
		<truncated>0</truncated>
		<difficult>0</difficult>
		<bndbox>
			<xmin>49</xmin>
			<ymin>77</ymin>
			<xmax>273</xmax>
			<ymax>329</ymax>
		</bndbox>
	</object>
</annotation>
